<?xml version = '1.0' encoding = 'UTF-8'?>
<FKIndexAssociation class="oracle.dbtools.crest.model.design.relational.FKIndexAssociation" directorySegmentName="seg_0" id="0ACC1021-1CA9-C9B1-5B52-4A7B77908C37" containerWithKeyObject="60A6461A-988A-910E-7593-685ACFAA839D" localFKIndex="2FA37682-1B31-2B7A-629D-C8CD8D0E9CEF" name="TCI_ATENDIMENTO_TCI_EMPRESA_FK">
<createdBy>fbadaro</createdBy>
<createdTime>2021-10-30 21:40:05 UTC</createdTime>
<generatorID>2019B014-78F7-5C1D-80F6-D76E7503106C</generatorID>
<ownerDesignName>IFoodChallengeModeling</ownerDesignName>
<referredTableLongName>TCI_EMPRESA</referredTableLongName>
<deleteRule>CASCADE</deleteRule>
<referredTableID>E8CD33B4-B5FF-FD47-2740-9D20483D3116</referredTableID>
<keyObject>BD22E2B5-F5D7-68C5-5246-74BB9AC71B50</keyObject>
<referredKeyID>BD22E2B5-F5D7-68C5-5246-74BB9AC71B50</referredKeyID>
<mandatory>true</mandatory>
<refColNames>ID</refColNames>
<transferable>true</transferable>
<rely>false</rely>
<columnDependencyConstraintGenerateInDDL>true</columnDependencyConstraintGenerateInDDL>
</FKIndexAssociation>