<?xml version = '1.0' encoding = 'UTF-8'?>
<FKIndexAssociation class="oracle.dbtools.crest.model.design.relational.FKIndexAssociation" directorySegmentName="seg_0" id="6BE5B008-D1B7-FB25-8689-61001229E3A2" containerWithKeyObject="38EA81A0-1BB5-5119-158A-7EFC3A063FF2" localFKIndex="421AD3B6-F19C-5C01-2AAE-7EC2E691D699" name="TCI_PRATELEIRA_TCI_EMPRESA_FK">
<createdBy>fbadaro</createdBy>
<createdTime>2021-10-30 21:40:05 UTC</createdTime>
<generatorID>F6109197-CE90-259C-77CB-EDEDE9F073E9</generatorID>
<ownerDesignName>IFoodChallengeModeling</ownerDesignName>
<referredTableLongName>TCI_EMPRESA</referredTableLongName>
<deleteRule>CASCADE</deleteRule>
<referredTableID>E8CD33B4-B5FF-FD47-2740-9D20483D3116</referredTableID>
<keyObject>BD22E2B5-F5D7-68C5-5246-74BB9AC71B50</keyObject>
<referredKeyID>BD22E2B5-F5D7-68C5-5246-74BB9AC71B50</referredKeyID>
<mandatory>true</mandatory>
<refColNames>ID</refColNames>
<transferable>true</transferable>
<rely>false</rely>
<columnDependencyConstraintGenerateInDDL>true</columnDependencyConstraintGenerateInDDL>
</FKIndexAssociation>