<?xml version = '1.0' encoding = 'UTF-8'?>
<Entity class="oracle.dbtools.crest.model.design.logical.Entity" directorySegmentName="seg_0" id="644C9C60-CB27-CC05-27A4-30B34BA98C96" name="TCI_EMPRESA">
<createdBy>fbadaro</createdBy>
<createdTime>2021-10-30 20:04:05 UTC</createdTime>
<ownerDesignName>IFoodChallengeModeling</ownerDesignName>
<engineerTo>
<item key="3D871CE4-5F87-15B7-CFAF-FD6527F12C08" value="true"/>
</engineerTo>
<adequatelyNormalized>NO</adequatelyNormalized>
<expectedVolumes>0</expectedVolumes>
<fwdEngineeringStrategyName>Single Table</fwdEngineeringStrategyName>
<growthPercent>0</growthPercent>
<growthType>Year</growthType>
<maxVolumes>9999999</maxVolumes>
<minVolumes>0</minVolumes>
<normalForm>Third</normalForm>
<attributes itemClass="oracle.dbtools.crest.model.design.logical.Attribute">
<Attribute name="ID" id="7F2A1D11-090C-BB28-4734-19BD137C0B54">
<createdBy>fbadaro</createdBy>
<createdTime>2021-10-30 20:04:25 UTC</createdTime>
<ownerDesignName>IFoodChallengeModeling</ownerDesignName>
<engineerTo>
<item key="3D871CE4-5F87-15B7-CFAF-FD6527F12C08" value="true"/>
</engineerTo>
<useDomainConstraints>false</useDomainConstraints>
<use>1</use>
<logicalDatatype>LOGDT011</logicalDatatype>
<ownDataTypeParameters>,,</ownDataTypeParameters>
</Attribute>
<Attribute name="NOME" id="D467C94F-8544-AA09-274C-5A40619A0176">
<createdBy>fbadaro</createdBy>
<createdTime>2021-10-30 20:04:46 UTC</createdTime>
<ownerDesignName>IFoodChallengeModeling</ownerDesignName>
<engineerTo>
<item key="3D871CE4-5F87-15B7-CFAF-FD6527F12C08" value="true"/>
</engineerTo>
<useDomainConstraints>false</useDomainConstraints>
<use>1</use>
<logicalDatatype>LOGDT024</logicalDatatype>
<dataTypeSize>255</dataTypeSize>
<ownDataTypeParameters>255,,</ownDataTypeParameters>
</Attribute>
<Attribute name="DESCRICAO" id="35824987-9EF4-EE9C-689E-C9596FB844B9">
<createdBy>fbadaro</createdBy>
<createdTime>2021-10-30 20:05:08 UTC</createdTime>
<ownerDesignName>IFoodChallengeModeling</ownerDesignName>
<engineerTo>
<item key="3D871CE4-5F87-15B7-CFAF-FD6527F12C08" value="true"/>
</engineerTo>
<useDomainConstraints>false</useDomainConstraints>
<use>1</use>
<logicalDatatype>LOGDT024</logicalDatatype>
<dataTypeSize>1000</dataTypeSize>
<ownDataTypeParameters>1000,,</ownDataTypeParameters>
</Attribute>
<Attribute name="CRIADOEM" id="7A612313-9CAC-6834-F3A3-261A0B873031">
<createdBy>fbadaro</createdBy>
<createdTime>2021-10-30 20:05:28 UTC</createdTime>
<ownerDesignName>IFoodChallengeModeling</ownerDesignName>
<engineerTo>
<item key="3D871CE4-5F87-15B7-CFAF-FD6527F12C08" value="true"/>
</engineerTo>
<useDomainConstraints>false</useDomainConstraints>
<use>1</use>
<logicalDatatype>LOGDT007</logicalDatatype>
<ownDataTypeParameters>,,</ownDataTypeParameters>
</Attribute>
<Attribute name="PEDIDOMIN" id="C98EA76D-5D58-9C09-29DE-52EF519239CF">
<createdBy>fbadaro</createdBy>
<createdTime>2021-10-30 20:05:53 UTC</createdTime>
<ownerDesignName>IFoodChallengeModeling</ownerDesignName>
<engineerTo>
<item key="3D871CE4-5F87-15B7-CFAF-FD6527F12C08" value="true"/>
</engineerTo>
<useDomainConstraints>false</useDomainConstraints>
<use>1</use>
<logicalDatatype>LOGDT043</logicalDatatype>
<dataTypePrecision>6</dataTypePrecision>
<dataTypeScale>2</dataTypeScale>
<ownDataTypeParameters>,6,2</ownDataTypeParameters>
</Attribute>
<Attribute name="LOGO" id="DC443AB6-093D-6761-5138-08AF9AC70EF6">
<createdBy>fbadaro</createdBy>
<createdTime>2021-10-30 20:06:16 UTC</createdTime>
<ownerDesignName>IFoodChallengeModeling</ownerDesignName>
<engineerTo>
<item key="3D871CE4-5F87-15B7-CFAF-FD6527F12C08" value="true"/>
</engineerTo>
<nullsAllowed>true</nullsAllowed>
<useDomainConstraints>false</useDomainConstraints>
<use>1</use>
<logicalDatatype>LOGDT029</logicalDatatype>
<ownDataTypeParameters>,,</ownDataTypeParameters>
</Attribute>
<Attribute name="INFO" id="80FB0038-31B3-AADA-51BF-F052612CC7AC">
<createdBy>fbadaro</createdBy>
<createdTime>2021-10-30 20:06:28 UTC</createdTime>
<ownerDesignName>IFoodChallengeModeling</ownerDesignName>
<engineerTo>
<item key="3D871CE4-5F87-15B7-CFAF-FD6527F12C08" value="true"/>
</engineerTo>
<nullsAllowed>true</nullsAllowed>
<useDomainConstraints>false</useDomainConstraints>
<use>1</use>
<logicalDatatype>LOGDT024</logicalDatatype>
<dataTypeSize>1000</dataTypeSize>
<ownDataTypeParameters>1000,,</ownDataTypeParameters>
</Attribute>
<Attribute name="PLANOID" id="32644BE7-7529-7B28-4CE8-C65580C98C64">
<createdBy>fbadaro</createdBy>
<createdTime>2021-10-30 21:28:57 UTC</createdTime>
<generatorID>753F2E01-DE5B-F917-A355-0A971F6904C4</generatorID>
<ownerDesignName>IFoodChallengeModeling</ownerDesignName>
<engineerTo>
<item key="3D871CE4-5F87-15B7-CFAF-FD6527F12C08" value="true"/>
</engineerTo>
<referedAttribute>E1568946-5FE3-D962-7514-F708E9B32A1C</referedAttribute>
<useDomainConstraints>false</useDomainConstraints>
<use>1</use>
<logicalDatatype>LOGDT011</logicalDatatype>
<ownDataTypeParameters>,,</ownDataTypeParameters>
</Attribute>
</attributes>
<identifiers itemClass="oracle.dbtools.crest.model.design.logical.CandidateKey">
<identifier id="86814832-66C1-C203-5209-E04746CCF249" name="TCI_EMPRESA PK">
<createdBy>fbadaro</createdBy>
<createdTime>2021-10-30 20:05:02 UTC</createdTime>
<ownerDesignName>IFoodChallengeModeling</ownerDesignName>
<shouldEngineer>false</shouldEngineer>
<engineerTo>
<item key="3D871CE4-5F87-15B7-CFAF-FD6527F12C08" value="false"/>
</engineerTo>
<pk>true</pk>
<usedAttributes>
<attributeRef>7F2A1D11-090C-BB28-4734-19BD137C0B54</attributeRef>
</usedAttributes>
</identifier>
</identifiers>
</Entity>