<?xml version = '1.0' encoding = 'UTF-8'?>
<Entity class="oracle.dbtools.crest.model.design.logical.Entity" directorySegmentName="seg_0" id="A48E4BBA-E265-0693-7A15-44528E5F1CDE" name="TCI_ITEM">
<createdBy>fbadaro</createdBy>
<createdTime>2021-10-30 20:17:46 UTC</createdTime>
<ownerDesignName>IFoodChallengeModeling</ownerDesignName>
<engineerTo>
<item key="3D871CE4-5F87-15B7-CFAF-FD6527F12C08" value="true"/>
</engineerTo>
<adequatelyNormalized>NO</adequatelyNormalized>
<expectedVolumes>0</expectedVolumes>
<fwdEngineeringStrategyName>Single Table</fwdEngineeringStrategyName>
<growthPercent>0</growthPercent>
<growthType>Year</growthType>
<maxVolumes>9999999</maxVolumes>
<minVolumes>0</minVolumes>
<normalForm>Third</normalForm>
<attributes itemClass="oracle.dbtools.crest.model.design.logical.Attribute">
<Attribute name="ID" id="50A7956B-0431-232C-E874-AB026C78D49A">
<createdBy>fbadaro</createdBy>
<createdTime>2021-10-30 20:18:02 UTC</createdTime>
<ownerDesignName>IFoodChallengeModeling</ownerDesignName>
<engineerTo>
<item key="3D871CE4-5F87-15B7-CFAF-FD6527F12C08" value="true"/>
</engineerTo>
<useDomainConstraints>false</useDomainConstraints>
<use>1</use>
<logicalDatatype>LOGDT011</logicalDatatype>
<ownDataTypeParameters>,,</ownDataTypeParameters>
</Attribute>
<Attribute name="NOME" id="16B4FAD5-21C6-2D9A-D587-4595E2C5EEC9">
<createdBy>fbadaro</createdBy>
<createdTime>2021-10-30 20:18:11 UTC</createdTime>
<ownerDesignName>IFoodChallengeModeling</ownerDesignName>
<engineerTo>
<item key="3D871CE4-5F87-15B7-CFAF-FD6527F12C08" value="true"/>
</engineerTo>
<useDomainConstraints>false</useDomainConstraints>
<use>1</use>
<logicalDatatype>LOGDT024</logicalDatatype>
<dataTypeSize>50</dataTypeSize>
<ownDataTypeParameters>50,,</ownDataTypeParameters>
</Attribute>
<Attribute name="DESCRICAO" id="24D1BA33-6A92-3F9F-82F2-166F4DF8DF60">
<createdBy>fbadaro</createdBy>
<createdTime>2021-10-30 20:18:28 UTC</createdTime>
<ownerDesignName>IFoodChallengeModeling</ownerDesignName>
<engineerTo>
<item key="3D871CE4-5F87-15B7-CFAF-FD6527F12C08" value="true"/>
</engineerTo>
<useDomainConstraints>false</useDomainConstraints>
<use>1</use>
<logicalDatatype>LOGDT024</logicalDatatype>
<dataTypeSize>1000</dataTypeSize>
<ownDataTypeParameters>1000,,</ownDataTypeParameters>
</Attribute>
<Attribute name="PRECO" id="4D8B22A0-52F6-D201-E8F6-5F6FE4BF50B0">
<createdBy>fbadaro</createdBy>
<createdTime>2021-10-30 20:18:49 UTC</createdTime>
<ownerDesignName>IFoodChallengeModeling</ownerDesignName>
<engineerTo>
<item key="3D871CE4-5F87-15B7-CFAF-FD6527F12C08" value="true"/>
</engineerTo>
<useDomainConstraints>false</useDomainConstraints>
<use>1</use>
<logicalDatatype>LOGDT043</logicalDatatype>
<dataTypePrecision>6</dataTypePrecision>
<dataTypeScale>2</dataTypeScale>
<ownDataTypeParameters>,6,2</ownDataTypeParameters>
</Attribute>
<Attribute name="CRIADOEM" id="A85BD2A5-EBB1-02DE-47CE-BF95BDB13216">
<createdBy>fbadaro</createdBy>
<createdTime>2021-10-30 20:19:13 UTC</createdTime>
<ownerDesignName>IFoodChallengeModeling</ownerDesignName>
<engineerTo>
<item key="3D871CE4-5F87-15B7-CFAF-FD6527F12C08" value="true"/>
</engineerTo>
<useDomainConstraints>false</useDomainConstraints>
<use>1</use>
<logicalDatatype>LOGDT007</logicalDatatype>
<ownDataTypeParameters>,,</ownDataTypeParameters>
</Attribute>
<Attribute name="FOTO" id="A5B5AF60-CB0E-025B-76F1-EB5C4E603465">
<createdBy>fbadaro</createdBy>
<createdTime>2021-10-30 20:19:30 UTC</createdTime>
<ownerDesignName>IFoodChallengeModeling</ownerDesignName>
<engineerTo>
<item key="3D871CE4-5F87-15B7-CFAF-FD6527F12C08" value="true"/>
</engineerTo>
<nullsAllowed>true</nullsAllowed>
<useDomainConstraints>false</useDomainConstraints>
<use>1</use>
<logicalDatatype>LOGDT029</logicalDatatype>
<ownDataTypeParameters>,,</ownDataTypeParameters>
</Attribute>
<Attribute name="ID1" id="118C52AB-E371-1DD6-7FB9-76C1FFB551D1">
<createdBy>fbadaro</createdBy>
<createdTime>2021-10-30 21:37:48 UTC</createdTime>
<generatorID>4A458480-B765-AD0E-5DEA-BEC99CAED741</generatorID>
<ownerDesignName>IFoodChallengeModeling</ownerDesignName>
<engineerTo>
<item key="3D871CE4-5F87-15B7-CFAF-FD6527F12C08" value="true"/>
</engineerTo>
<referedAttribute>778763AC-C30E-35E5-426D-90069076D8CA</referedAttribute>
<useDomainConstraints>false</useDomainConstraints>
<use>1</use>
<logicalDatatype>LOGDT011</logicalDatatype>
<ownDataTypeParameters>,,</ownDataTypeParameters>
</Attribute>
</attributes>
<identifiers itemClass="oracle.dbtools.crest.model.design.logical.CandidateKey">
<identifier id="3D0E6368-6963-A81B-2D84-CB847B95BD11" name="TCI_ITEM PK">
<createdBy>fbadaro</createdBy>
<createdTime>2021-10-30 20:18:44 UTC</createdTime>
<ownerDesignName>IFoodChallengeModeling</ownerDesignName>
<shouldEngineer>false</shouldEngineer>
<engineerTo>
<item key="3D871CE4-5F87-15B7-CFAF-FD6527F12C08" value="false"/>
</engineerTo>
<pk>true</pk>
<usedAttributes>
<attributeRef>50A7956B-0431-232C-E874-AB026C78D49A</attributeRef>
</usedAttributes>
</identifier>
</identifiers>
</Entity>