<?xml version = '1.0' encoding = 'UTF-8'?>
<Entity class="oracle.dbtools.crest.model.design.logical.Entity" directorySegmentName="seg_0" id="E3D1BE3A-35CF-B3E5-0D4F-0C5B3882DD88" name="TCI_PLANO">
<createdBy>fbadaro</createdBy>
<createdTime>2021-10-30 20:01:11 UTC</createdTime>
<ownerDesignName>IFoodChallengeModeling</ownerDesignName>
<engineerTo>
<item key="3D871CE4-5F87-15B7-CFAF-FD6527F12C08" value="true"/>
</engineerTo>
<adequatelyNormalized>NO</adequatelyNormalized>
<expectedVolumes>0</expectedVolumes>
<fwdEngineeringStrategyName>Single Table</fwdEngineeringStrategyName>
<growthPercent>0</growthPercent>
<growthType>Year</growthType>
<maxVolumes>9999999</maxVolumes>
<minVolumes>0</minVolumes>
<normalForm>Third</normalForm>
<attributes itemClass="oracle.dbtools.crest.model.design.logical.Attribute">
<Attribute name="ID" id="E1568946-5FE3-D962-7514-F708E9B32A1C">
<createdBy>fbadaro</createdBy>
<createdTime>2021-10-30 20:01:49 UTC</createdTime>
<ownerDesignName>IFoodChallengeModeling</ownerDesignName>
<engineerTo>
<item key="3D871CE4-5F87-15B7-CFAF-FD6527F12C08" value="true"/>
</engineerTo>
<useDomainConstraints>false</useDomainConstraints>
<use>1</use>
<logicalDatatype>LOGDT011</logicalDatatype>
<ownDataTypeParameters>,,</ownDataTypeParameters>
</Attribute>
<Attribute name="NOME" id="E2AEF5B8-E049-F724-6E04-7A0269EC9105">
<createdBy>fbadaro</createdBy>
<createdTime>2021-10-30 20:02:12 UTC</createdTime>
<ownerDesignName>IFoodChallengeModeling</ownerDesignName>
<engineerTo>
<item key="3D871CE4-5F87-15B7-CFAF-FD6527F12C08" value="true"/>
</engineerTo>
<useDomainConstraints>false</useDomainConstraints>
<use>1</use>
<logicalDatatype>LOGDT024</logicalDatatype>
<dataTypeSize>50</dataTypeSize>
<ownDataTypeParameters>50,,</ownDataTypeParameters>
</Attribute>
<Attribute name="PRECO" id="ABD2CD28-FC21-6856-CC29-5FCF410404A4">
<createdBy>fbadaro</createdBy>
<createdTime>2021-10-30 20:02:31 UTC</createdTime>
<ownerDesignName>IFoodChallengeModeling</ownerDesignName>
<engineerTo>
<item key="3D871CE4-5F87-15B7-CFAF-FD6527F12C08" value="true"/>
</engineerTo>
<useDomainConstraints>false</useDomainConstraints>
<use>1</use>
<logicalDatatype>LOGDT043</logicalDatatype>
<dataTypePrecision>6</dataTypePrecision>
<dataTypeScale>2</dataTypeScale>
<ownDataTypeParameters>,6,2</ownDataTypeParameters>
</Attribute>
</attributes>
<identifiers itemClass="oracle.dbtools.crest.model.design.logical.CandidateKey">
<identifier id="E6634B7E-1D20-F500-FB19-9FD5319A44B3" name="TCI_PLANO_001 PK">
<createdBy>fbadaro</createdBy>
<createdTime>2021-10-30 20:02:07 UTC</createdTime>
<ownerDesignName>IFoodChallengeModeling</ownerDesignName>
<shouldEngineer>false</shouldEngineer>
<engineerTo>
<item key="3D871CE4-5F87-15B7-CFAF-FD6527F12C08" value="false"/>
</engineerTo>
<pk>true</pk>
<usedAttributes>
<attributeRef>E1568946-5FE3-D962-7514-F708E9B32A1C</attributeRef>
</usedAttributes>
</identifier>
</identifiers>
</Entity>