<?xml version = '1.0' encoding = 'UTF-8'?>
<Entity class="oracle.dbtools.crest.model.design.logical.Entity" directorySegmentName="seg_0" id="EC24FD36-F652-B733-C125-ADCBD6415A0A" name="TCI_ENDERECO">
<createdBy>fbadaro</createdBy>
<createdTime>2021-10-30 20:08:12 UTC</createdTime>
<ownerDesignName>IFoodChallengeModeling</ownerDesignName>
<engineerTo>
<item key="3D871CE4-5F87-15B7-CFAF-FD6527F12C08" value="true"/>
</engineerTo>
<adequatelyNormalized>NO</adequatelyNormalized>
<expectedVolumes>0</expectedVolumes>
<fwdEngineeringStrategyName>Single Table</fwdEngineeringStrategyName>
<growthPercent>0</growthPercent>
<growthType>Year</growthType>
<maxVolumes>9999999</maxVolumes>
<minVolumes>0</minVolumes>
<normalForm>Third</normalForm>
<attributes itemClass="oracle.dbtools.crest.model.design.logical.Attribute">
<Attribute name="ID" id="42C73EA5-A836-EFE2-58C6-4C4710EABE57">
<createdBy>fbadaro</createdBy>
<createdTime>2021-10-30 20:08:21 UTC</createdTime>
<ownerDesignName>IFoodChallengeModeling</ownerDesignName>
<engineerTo>
<item key="3D871CE4-5F87-15B7-CFAF-FD6527F12C08" value="true"/>
</engineerTo>
<useDomainConstraints>false</useDomainConstraints>
<use>1</use>
<logicalDatatype>LOGDT011</logicalDatatype>
<ownDataTypeParameters>,,</ownDataTypeParameters>
</Attribute>
<Attribute name="LOGRADOURO" id="D24A4CC6-6C31-F104-526B-D63D17761BB2">
<createdBy>fbadaro</createdBy>
<createdTime>2021-10-30 20:08:45 UTC</createdTime>
<ownerDesignName>IFoodChallengeModeling</ownerDesignName>
<engineerTo>
<item key="3D871CE4-5F87-15B7-CFAF-FD6527F12C08" value="true"/>
</engineerTo>
<useDomainConstraints>false</useDomainConstraints>
<use>1</use>
<logicalDatatype>LOGDT024</logicalDatatype>
<dataTypeSize>255</dataTypeSize>
<ownDataTypeParameters>255,,</ownDataTypeParameters>
</Attribute>
<Attribute name="NUMERO" id="8C643DB0-58E9-37D1-C93A-C02DB14D00EE">
<createdBy>fbadaro</createdBy>
<createdTime>2021-10-30 20:09:04 UTC</createdTime>
<ownerDesignName>IFoodChallengeModeling</ownerDesignName>
<engineerTo>
<item key="3D871CE4-5F87-15B7-CFAF-FD6527F12C08" value="true"/>
</engineerTo>
<useDomainConstraints>false</useDomainConstraints>
<use>1</use>
<logicalDatatype>LOGDT011</logicalDatatype>
<ownDataTypeParameters>,,</ownDataTypeParameters>
</Attribute>
<Attribute name="CIDADE" id="F7C6562C-0157-DB39-7090-01C8472B362A">
<createdBy>fbadaro</createdBy>
<createdTime>2021-10-30 20:09:19 UTC</createdTime>
<ownerDesignName>IFoodChallengeModeling</ownerDesignName>
<engineerTo>
<item key="3D871CE4-5F87-15B7-CFAF-FD6527F12C08" value="true"/>
</engineerTo>
<useDomainConstraints>false</useDomainConstraints>
<use>1</use>
<logicalDatatype>LOGDT024</logicalDatatype>
<dataTypeSize>50</dataTypeSize>
<ownDataTypeParameters>50,,</ownDataTypeParameters>
</Attribute>
<Attribute name="UF" id="709032CC-361B-7A4A-CE53-687321756B98">
<createdBy>fbadaro</createdBy>
<createdTime>2021-10-30 20:09:43 UTC</createdTime>
<ownerDesignName>IFoodChallengeModeling</ownerDesignName>
<engineerTo>
<item key="3D871CE4-5F87-15B7-CFAF-FD6527F12C08" value="true"/>
</engineerTo>
<useDomainConstraints>false</useDomainConstraints>
<use>1</use>
<logicalDatatype>LOGDT025</logicalDatatype>
<dataTypeSize>2</dataTypeSize>
<ownDataTypeParameters>2,,</ownDataTypeParameters>
</Attribute>
<Attribute name="CEP" id="70BB029D-7207-CACC-275B-7DABC1E9B1C2">
<createdBy>fbadaro</createdBy>
<createdTime>2021-10-30 20:10:06 UTC</createdTime>
<ownerDesignName>IFoodChallengeModeling</ownerDesignName>
<engineerTo>
<item key="3D871CE4-5F87-15B7-CFAF-FD6527F12C08" value="true"/>
</engineerTo>
<useDomainConstraints>false</useDomainConstraints>
<use>1</use>
<logicalDatatype>LOGDT024</logicalDatatype>
<dataTypeSize>10</dataTypeSize>
<ownDataTypeParameters>10,,</ownDataTypeParameters>
</Attribute>
<Attribute name="PAIS" id="530CBB9B-B713-70B6-002C-76797159B9A1">
<createdBy>fbadaro</createdBy>
<createdTime>2021-10-30 20:10:28 UTC</createdTime>
<ownerDesignName>IFoodChallengeModeling</ownerDesignName>
<engineerTo>
<item key="3D871CE4-5F87-15B7-CFAF-FD6527F12C08" value="true"/>
</engineerTo>
<nullsAllowed>true</nullsAllowed>
<useDomainConstraints>false</useDomainConstraints>
<use>1</use>
<logicalDatatype>LOGDT024</logicalDatatype>
<dataTypeSize>255</dataTypeSize>
<ownDataTypeParameters>255,,</ownDataTypeParameters>
</Attribute>
<Attribute name="EMPRESAID" id="A241278E-D2BA-262B-D2C7-E0B70A27E69A">
<createdBy>fbadaro</createdBy>
<createdTime>2021-10-30 21:32:02 UTC</createdTime>
<generatorID>E12ABCDF-4F20-13FE-086B-3F18A62C811F</generatorID>
<ownerDesignName>IFoodChallengeModeling</ownerDesignName>
<engineerTo>
<item key="3D871CE4-5F87-15B7-CFAF-FD6527F12C08" value="true"/>
</engineerTo>
<referedAttribute>7F2A1D11-090C-BB28-4734-19BD137C0B54</referedAttribute>
<useDomainConstraints>false</useDomainConstraints>
<use>1</use>
<logicalDatatype>LOGDT011</logicalDatatype>
<ownDataTypeParameters>,,</ownDataTypeParameters>
</Attribute>
</attributes>
<identifiers itemClass="oracle.dbtools.crest.model.design.logical.CandidateKey">
<identifier id="A99395C3-60FB-9017-B5EC-E27AD510271C" name="TCI_ENDERECO PK">
<createdBy>fbadaro</createdBy>
<createdTime>2021-10-30 20:09:35 UTC</createdTime>
<ownerDesignName>IFoodChallengeModeling</ownerDesignName>
<shouldEngineer>false</shouldEngineer>
<engineerTo>
<item key="3D871CE4-5F87-15B7-CFAF-FD6527F12C08" value="false"/>
</engineerTo>
<pk>true</pk>
<usedAttributes>
<attributeRef>42C73EA5-A836-EFE2-58C6-4C4710EABE57</attributeRef>
<attributeRef>A241278E-D2BA-262B-D2C7-E0B70A27E69A</attributeRef>
</usedAttributes>
</identifier>
</identifiers>
</Entity>