<?xml version = '1.0' encoding = 'UTF-8'?>
<Table class="oracle.dbtools.crest.model.design.relational.Table" directorySegmentName="seg_0" id="6597DC06-95E1-1040-3DFE-84C3BEDB65ED" name="TCI_PLANO">
<createdBy>fbadaro</createdBy>
<createdTime>2021-10-30 21:40:05 UTC</createdTime>
<generatorID>E3D1BE3A-35CF-B3E5-0D4F-0C5B3882DD88</generatorID>
<ownerDesignName>IFoodChallengeModeling</ownerDesignName>
<allowColumnReorder>false</allowColumnReorder>
<existDependencyGenerateInDDl>true</existDependencyGenerateInDDl>
<parsed>true</parsed>
<columns itemClass="oracle.dbtools.crest.model.design.relational.Column">
<Column name="ID" id="73904C56-E12F-32FC-E498-F194BDFFEC50">
<createdBy>fbadaro</createdBy>
<createdTime>2021-10-30 21:40:05 UTC</createdTime>
<generatorID>E1568946-5FE3-D962-7514-F708E9B32A1C</generatorID>
<ownerDesignName>IFoodChallengeModeling</ownerDesignName>
<useDomainConstraints>false</useDomainConstraints>
<use>1</use>
<logicalDatatype>LOGDT011</logicalDatatype>
<ownDataTypeParameters>,,</ownDataTypeParameters>
<autoIncrementCycle>false</autoIncrementCycle>
</Column>
<Column name="NOME" id="5A79A469-6C11-2E29-CDDA-1CE17CCF74E2">
<createdBy>fbadaro</createdBy>
<createdTime>2021-10-30 21:40:05 UTC</createdTime>
<generatorID>E2AEF5B8-E049-F724-6E04-7A0269EC9105</generatorID>
<ownerDesignName>IFoodChallengeModeling</ownerDesignName>
<useDomainConstraints>false</useDomainConstraints>
<use>1</use>
<logicalDatatype>LOGDT024</logicalDatatype>
<dataTypeSize>50</dataTypeSize>
<ownDataTypeParameters>50,,</ownDataTypeParameters>
<autoIncrementCycle>false</autoIncrementCycle>
</Column>
<Column name="PRECO" id="B0F014F2-799E-17D2-A64D-5856D1B76142">
<createdBy>fbadaro</createdBy>
<createdTime>2021-10-30 21:40:05 UTC</createdTime>
<generatorID>ABD2CD28-FC21-6856-CC29-5FCF410404A4</generatorID>
<ownerDesignName>IFoodChallengeModeling</ownerDesignName>
<useDomainConstraints>false</useDomainConstraints>
<use>1</use>
<logicalDatatype>LOGDT043</logicalDatatype>
<dataTypePrecision>6</dataTypePrecision>
<dataTypeScale>2</dataTypeScale>
<ownDataTypeParameters>,6,2</ownDataTypeParameters>
<autoIncrementCycle>false</autoIncrementCycle>
</Column>
</columns>
<indexes itemClass="oracle.dbtools.crest.model.design.relational.Index">
<ind_PK_UK id="CA310AAB-DAA3-8570-40BE-ECB6135F8F4A" name="TCI_PLANO_PK">
<createdBy>fbadaro</createdBy>
<createdTime>2021-10-30 21:40:05 UTC</createdTime>
<generatorID>E6634B7E-1D20-F500-FB19-9FD5319A44B3</generatorID>
<ownerDesignName>IFoodChallengeModeling</ownerDesignName>
<pk>true</pk>
<indexState>Primary Constraint</indexState>
<isSurrogateKey>false</isSurrogateKey>
<indexColumnUsage>
<colUsage columnID="73904C56-E12F-32FC-E498-F194BDFFEC50"/>
</indexColumnUsage>
</ind_PK_UK>
</indexes>
</Table>