<?xml version = '1.0' encoding = 'UTF-8'?>
<Relation class="oracle.dbtools.crest.model.design.logical.Relation" name="HAS_ADDRESS" directorySegmentName="seg_0" id="E12ABCDF-4F20-13FE-086B-3F18A62C811F">
<createdBy>fbadaro</createdBy>
<createdTime>2021-10-30 21:32:02 UTC</createdTime>
<ownerDesignName>IFoodChallengeModeling</ownerDesignName>
<engineerTo>
<item key="3D871CE4-5F87-15B7-CFAF-FD6527F12C08" value="true"/>
</engineerTo>
<sourcePk>86814832-66C1-C203-5209-E04746CCF249</sourcePk>
<identifying>true</identifying>
<optionalSource>true</optionalSource>
<optionalTarget>false</optionalTarget>
<sourceCardinality>1</sourceCardinality>
<sourceEntity>644C9C60-CB27-CC05-27A4-30B34BA98C96</sourceEntity>
<targetCardinalityString>1</targetCardinalityString>
<targetEntity>EC24FD36-F652-B733-C125-ADCBD6415A0A</targetEntity>
<transferable>true</transferable>
<deleteRule>CASCADE</deleteRule>
</Relation>